x,D x,D rho,rho unc,D dollars,dollars unc,coef rho,coef rho avg,coef rho unc,coef dollars,coef dollars avg,coef dollars unc
273.15,0,-0.0,0.0,-0.0,0.0,0,0,0,0,0,0
283.15,10.0,0.09264766382933763,0.06759996804144486,0.12353021843911685,0.09013329072192648,0.009264766382933763,0.00463238319146686,0.0006759996804144486,0.012353021843911686,0.006176510921955897,0.0009013329072192648
293.15,20.0,-0.03786615707346287,-0.0729906452841144,-0.050488209431283834,-0.0973208603788192,-0.0018933078536731436,0.0024571528430868705,-0.000729906452841144,-0.0025244104715641917,0.0032762037907825025,-0.0009732086037881919
303.15,30.0,-0.014196355104083022,-0.07027156018577374,-0.0189284734721107,-0.09369541358103166,-0.0004732118368027674,0.0017245616731144716,-0.0007027156018577374,-0.0006309491157370233,0.002299415564152623,-0.0009369541358103166
313.15,40.0,0.08131253471966242,0.06889148758243459,0.10841671295954992,0.09185531677657946,0.0020328133679915605,0.001786212012089877,0.0006889148758243459,0.002710417823988748,0.0023816160161198308,0.0009185531677657947
323.15,50.0,0.002838773881883055,0.068947084926125,0.00378503184251074,0.09192944656816668,5.67754776376611e-05,0.0014979725896811828,0.00068947084926125,7.57006368502148e-05,0.0019972967862415766,0.0009192944656816668
333.15,60.0,-0.03407821483649274,-0.07162458322191657,-0.045437619781990325,-0.09549944429588876,-0.000567970247274879,0.001202837898687463,-0.0007162458322191658,-0.0007572936630331721,0.001603783864916608,-0.0009549944429588876
343.15,70.0,-0.0018926079723604245,-0.06399282315901432,-0.0025234772964805663,-0.08532376421201912,-2.7037256748006064e-05,0.0010491035042580219,-0.0006399282315901432,-3.604967566400809e-05,0.0013988046723440316,-0.0008532376421201912
353.15,80.0,0.12286175337189778,0.07218665465611046,0.16381567116253035,0.09624887287481394,0.0015357719171487222,0.001103177772356984,0.0007218665465611046,0.0020476958895316293,0.0014709036964759793,0.0009624887287481395
