x,rho,rho unc,dollars,dollars unc
273.15,-0.09264766382931665,-0.06759996804144487,-0.12353021843908886,-0.0901332907219265
283.15,-0.0,0,-0.0,0.0
293.15,-0.13051382090277952,-0.06975530770630126,-0.1740184278703727,-0.09300707694173502
303.15,-0.10684401893337864,-0.06691202824097295,-0.14245869191117153,-0.0892160376546306
313.15,-0.011335129109654242,-0.0654706612771026,-0.01511350547953899,-0.0872942150361368
323.15,-0.08980888994745459,-0.0655235483093241,-0.11974518659660613,-0.0873647310790988
333.15,-0.12672587866578836,-0.06832759474873504,-0.16896783822105116,-0.09110345966498005
343.15,-0.09454027180167707,-0.060298640965214145,-0.12605369573556943,-0.08039818795361886
353.15,0.03021408954258114,0.06892589510090492,0.04028545272344152,0.09190119346787325
