x,keff,keff unc
273.15,1.02799,0.00053
283.15,1.02897,0.00048
293.15,1.02759,0.00056
303.15,1.02784,0.00052
313.15,1.02885,0.0005
323.15,1.02802,0.0005
333.15,1.02763,0.00054
343.15,1.02797,0.00042
353.15,1.02929,0.00055
