x,rho,rho unc,dollars,dollars unc
273.15,-0.0,0,-0.0,0.0
283.15,0.09264766382933762,0.06759996804144486,0.12353021843911684,0.09013329072192648
293.15,-0.03786615707346287,-0.0729906452841144,-0.050488209431283834,-0.09732086037881921
303.15,-0.014196355104083022,-0.07027156018577374,-0.0189284734721107,-0.09369541358103166
313.15,0.08131253471966242,0.06889148758243459,0.10841671295954991,0.09185531677657946
323.15,0.002838773881883055,0.068947084926125,0.0037850318425107403,0.09192944656816668
333.15,-0.03407821483649274,-0.07162458322191657,-0.045437619781990325,-0.09549944429588877
343.15,-0.0018926079723604245,-0.06399282315901433,-0.0025234772964805663,-0.08532376421201912
353.15,0.12286175337189778,0.07218665465611046,0.16381567116253037,0.09624887287481394
