x,D x,D rho,rho unc,D dollars,dollars unc,coef rho,coef rho avg,coef rho unc,coef dollars,coef dollars avg,coef dollars unc,density
273.15,-10.0,-0.0926476638293166,-0.0675999680414448,-0.1235302184390888,-0.0901332907219265,0.009264766382931661,,-0.000675999680414448,0.01235302184390888,,-0.0009013329072192649,0.99984
283.15,0,-0.0,0.0,-0.0,0.0,0,0,0,0,0,0,0.999545
293.15,10.0,-0.1305138209027795,-0.0697553077063012,-0.1740184278703727,-0.093007076941735,-0.013051382090277949,-0.006525691045138976,-0.000697553077063012,-0.01740184278703727,-0.008700921393518607,-0.00093007076941735,0.997923
303.15,20.0,-0.1068440189333786,-0.0669120282409729,-0.1424586919111715,-0.0892160376546306,-0.00534220094666893,-0.006131194345648951,-0.0006691202824097291,-0.007122934595558575,-0.008174925794198623,-0.000892160376546306,0.995234
313.15,30.0,-0.0113351291096542,-0.0654706612771026,-0.0151135054795389,-0.0872942150361368,-0.0003778376369884733,-0.0046928551684838355,-0.000654706612771026,-0.00050378351598463,-0.0062571402246451155,-0.0008729421503613679,0.991628
323.15,40.0,-0.0898088899474545,-0.0655235483093241,-0.1197451865966061,-0.0873647310790988,-0.0022452222486863626,-0.0042033285845243275,-0.000655235483093241,-0.0029936296649151527,-0.005604438112699118,-0.000873647310790988,0.987197
333.15,50.0,-0.1267258786657883,-0.068327594748735,-0.1689678382210511,-0.09110345966498,-0.002534517573315766,-0.003925193415989583,-0.00068327594748735,-0.003379356764421022,-0.005233591221319442,-0.0009110345966498,0.981992
343.15,60.0,-0.094540271801677,-0.0602986409652141,-0.1260536957355694,-0.0803981879536188,-0.0015756711966946166,-0.003589547384661738,-0.000602986409652141,-0.0021008949289261568,-0.004786063179548987,-0.0008039818795361881,0.976044
353.15,70.0,0.0302140895425811,0.0689258951009049,0.0402854527234415,0.0919011934678732,0.00043162985060830146,-0.0030869002302529817,0.000689258951009049,0.0005755064674777357,-0.004115866973670641,0.000919011934678732,0.969364
